theta0,theta1
0.9391659791276666,-1.003172027940673
